﻿<?xml version="1.0" encoding="UTF-8" standalone="no" ?><BuildApplicationLog>  <Log>    <MessageType>Comment</MessageType>    <Target>Application</Target>    <CodeDesc>NO_ERR</CodeDesc>    <CodeId>0</CodeId>    <Message>Start "Application" target build [2014-10-06T23:11:36]</Message>  </Log>  <Log>    <MessageType>Comment</MessageType>    <Target>Common</Target>    <CodeDesc>NO_ERR</CodeDesc>    <CodeId>0</CodeId>    <Message>Plug-in copying from Macintosh HD:Users:BMan:Desktop:import sample:Importer Sample.4dbase:Plugins:XLS II.bundle: to Macintosh HD:Users:BMan:Desktop:import sample:Importer Sample_Build:Final Application:Importer Sample.app:Contents:Plugins:.</Message>  </Log>  <Log>    <MessageType>Warning</MessageType>    <Target>Common</Target>    <CodeDesc>Component already exists</CodeDesc>    <CodeId>0</CodeId>    <Message>The component Macintosh HD:Users:BMan:Desktop:import sample:Importer Sample_Build:Final Application:Importer Sample.app:Contents:Components:4D Progress.4dbase: already exists.</Message>  </Log>  <Log>    <MessageType>Warning</MessageType>    <Target>Common</Target>    <CodeDesc>Component already exists</CodeDesc>    <CodeId>0</CodeId>    <Message>The component Macintosh HD:Users:BMan:Desktop:import sample:Importer Sample_Build:Final Application:Importer Sample.app:Contents:Components:4D SVG.4dbase: already exists.</Message>  </Log>  <Log>    <MessageType>Warning</MessageType>    <Target>Common</Target>    <CodeDesc>Component already exists</CodeDesc>    <CodeId>0</CodeId>    <Message>The component Macintosh HD:Users:BMan:Desktop:import sample:Importer Sample_Build:Final Application:Importer Sample.app:Contents:Components:4D Widgets.4dbase: already exists.</Message>  </Log>  <Log>    <MessageType>Comment</MessageType>    <Target>Common</Target>    <CodeDesc>NO_ERR</CodeDesc>    <CodeId>0</CodeId>    <Message>Start copying files : Macintosh HD:Users:BMan:Desktop:import sample:Importer Sample_Build:Final Application:Importer Sample.app:Contents:Database:Importer Sample.4DC</Message>  </Log>  <Log>    <MessageType>Comment</MessageType>    <Target>Common</Target>    <CodeDesc>NO_ERR</CodeDesc>    <CodeId>0</CodeId>    <Message>End copying files : Macintosh HD:Users:BMan:Desktop:import sample:Importer Sample_Build:Final Application:Importer Sample.app:Contents:Database:Importer Sample.4DC</Message>  </Log>  <Log>    <MessageType>Comment</MessageType>    <Target>Application</Target>    <CodeDesc>Copying license file</CodeDesc>    <CodeId>0</CodeId>    <Message>License file copying from Macintosh HD:Library:Application Support:4D:Licenses:PNDP130UUC0018NYR71F2C1.license4D to Macintosh HD:Users:BMan:Desktop:import sample:Importer Sample_Build:Final Application:Importer Sample.app:Contents:Licenses:1.license4D.</Message>  </Log>  <Log>    <MessageType>Comment</MessageType>    <Target>Application</Target>    <CodeDesc>Copying license file</CodeDesc>    <CodeId>0</CodeId>    <Message>License file copying from Macintosh HD:Library:Application Support:4D:Licenses:PNUD130UUC0018NYR806606.license4D to Macintosh HD:Users:BMan:Desktop:import sample:Importer Sample_Build:Final Application:Importer Sample.app:Contents:Licenses:2.license4D.</Message>  </Log>  <Log>    <MessageType>Comment</MessageType>    <Target>Application</Target>    <CodeDesc>NO_ERR</CodeDesc>    <CodeId>0</CodeId>    <Message>End "Application" target build [2014-10-06T23:12:34]</Message>  </Log></BuildApplicationLog>