﻿<?xml version="1.0" encoding="UTF-8" standalone="no" ?><Preferences4D>  <BuildApp>    <BuildCompiled>False</BuildCompiled>    <IncludeAssociatedFolders>True</IncludeAssociatedFolders>    <BuildComponent>False</BuildComponent>    <BuildApplicationSerialized>True</BuildApplicationSerialized>    <BuildApplicationLight>False</BuildApplicationLight>    <SourcesFiles>      <RuntimeVL>        <RuntimeVLIncludeIt>True</RuntimeVLIncludeIt>        <RuntimeVLMacFolder>Macintosh HD:Applications:4D v13.5:4D Volume Desktop.app:</RuntimeVLMacFolder>      </RuntimeVL>      <CS>        <ServerIncludeIt>False</ServerIncludeIt>        <ClientMacIncludeIt>False</ClientMacIncludeIt>        <ClientWinIncludeIt>False</ClientWinIncludeIt>      </CS>    </SourcesFiles>    <BuildApplicationName>Importer Sample</BuildApplicationName>    <BuildMacDestFolder>::Importer Sample_Build:</BuildMacDestFolder>    <CS>      <BuildServerApplication>True</BuildServerApplication>      <BuildCSUpgradeable>False</BuildCSUpgradeable>      <CurrentVers>1</CurrentVers>      <HardLink></HardLink>    </CS>    <ArrayExcludedPluginName>      <ItemsCount>0</ItemsCount>    </ArrayExcludedPluginName>    <ArrayExcludedPluginID>      <ItemsCount>0</ItemsCount>    </ArrayExcludedPluginID>    <ArrayExcludedComponentName>      <ItemsCount>0</ItemsCount>    </ArrayExcludedComponentName>    <Licenses>      <ArrayLicenseMac>        <ItemsCount>2</ItemsCount>        <Item1>Macintosh HD:Library:Application Support:4D:Licenses:PNUD130UUC0018NYR806606.license4D</Item1>        <Item2>Macintosh HD:Library:Application Support:4D:Licenses:PNDP130UUC0018NYR71F2C1.license4D</Item2>      </ArrayLicenseMac>    </Licenses>  </BuildApp></Preferences4D>